,name,address,sido,gungu
0,개포1호,서울 강남구 개포동 1229-18,서울특별시,강남구
1,논현1호,서울 강남구 논현동 184-21,서울특별시,강남구
2,대치1호,서울 강남구 대치4동 913-25,서울특별시,강남구
3,대치2호,서울 강남구 대치동 990번지 삼성상가 113호 1/2,서울특별시,강남구
4,삼성1호,서울 강남구 삼성동 44-18,서울특별시,강남구
5,세곡,서울 강남구 자곡동 611,서울특별시,강남구
6,압구정신사,서울 강남구 신사동 640-5 대성빌딩 1층 1호,서울특별시,강남구
7,역삼1호,서울 강남구 역삼동 837-15,서울특별시,강남구
8,일원본동,서울 강남구 수서동 747 삼성아파트 상가 104호,서울특별시,강남구
9,청담역,서울 강남구 청담동 65 진흥아파트상가,서울특별시,강남구
10,강일,서울 강동구 강일동 679-3 리슈빌오피스텔,서울특별시,강동구
11,고덕1호,서울 강동구 고덕동 650-1,서울특별시,강동구
12,길1호,서울 강동구 길동 347-31,서울특별시,강동구
13,둔촌1호,서울 강동구 둔촌동 454-5,서울특별시,강동구
14,명일1호,서울 강동구 명일동 328-2,서울특별시,강동구
15,성내,서울 강동구 성내2동 509-7 1층,서울특별시,강동구
16,암사1호,서울 강동구 천호동 287-22,서울특별시,강동구
17,암사2호,서울 강동구 암사동 446-18,서울특별시,강동구
18,천호1호,서울 강동구 천호동 550번지,서울특별시,강동구
19,덕성여대,서울 강북구 삼양로 523(우이동 72-148),서울특별시,강북구
20,미아1호,서울 강북구 미아5동 1264-233,서울특별시,강북구
21,미아역,서울 강북구 미아동 131-8,서울특별시,강북구
22,수유1호,서울 강북구 수유동 385-2,서울특별시,강북구
23,수유역점,서울 강북구 번동 461-127,서울특별시,강북구
24,가양,서울 강서구 등촌동 75-1,서울특별시,강서구
25,강서구청,서울 강서구 화곡6동 987-7,서울특별시,강서구
26,까치산역,서울 강서구 화곡동 343-62 라인씨티 1층,서울특별시,강서구
27,등촌,서울 강서구 등촌동 649-14,서울특별시,강서구
28,발산역,서울 강서구 내발산동 655-6번지 1층 13호,서울특별시,강서구
29,방화2호,서울 강서구 방화2동 580-27,서울특별시,강서구
30,염창,서울 강서구 염창동 250-16,서울특별시,강서구
31,화곡2호,서울 강서구 화곡동 400-45,서울특별시,강서구
32,봉천2호,서울 관악구 봉천동 1674-20,서울특별시,관악구
33,봉천3호,서울 관악구 봉천동 1632-9,서울특별시,관악구
34,봉천4호,서울 관악구 봉천동 931-12,서울특별시,관악구
35,봉천5호,서울 관악구 봉천3동 7-291,서울특별시,관악구
36,신림1호,서울 관악구 신림4동 504-22,서울특별시,관악구
37,신림2호,서울 관악구 신림동 762-7,서울특별시,관악구
38,신림3호,서울 관악구 신림9동 246-49,서울특별시,관악구
39,건대,서울 광진구 화양동 9-18,서울특별시,광진구
40,구의1호,서울 광진구 구의3동 659번지 세림리오빌 비1-4호,서울특별시,광진구
41,구의2호,서울 광진구 구의동 229-43,서울특별시,광진구
42,자양1호,서울 광진구 자양3동 584-28,서울특별시,광진구
43,중곡1호,서울 광진구 중곡동 41-37,서울특별시,광진구
44,중곡2호,서울 광진구 중곡동 109-28,서울특별시,광진구
45,개봉1호,서울 구로구 개봉동 403-159,서울특별시,구로구
46,고척1호,서울 구로구 개봉1동 126-4,서울특별시,구로구
47,구로2호,서울 구로구 구로동 74-30,서울특별시,구로구
48,구로디지털,서울 구로구 구로동 826-1,서울특별시,구로구
49,동양미래대학,서울 구로구 고척동 343,서울특별시,구로구
50,신도림1호,서울 구로구 신도림동 410-1 신도림6차대림@상가 902동111호,서울특별시,구로구
51,오류1호,서울 구로구 오류1동 10-3,서울특별시,구로구
52,천왕역,서울 구로구 오류동 203-1 1층,서울특별시,구로구
53,가산디지털,서울 금천구 가산동 371-6 가산비지니스센터 2층,서울특별시,금천구
54,독산1호,"서울 금천구 독산동 888-20 102호,103호",서울특별시,금천구
55,시흥1호,서울 금천구 시흥2동 264-17,서울특별시,금천구
56,시흥2호,서울 금천구 시흥1동 905-5,서울특별시,금천구
57,공릉1호,서울 노원구 공릉동 338-6,서울특별시,노원구
58,공릉2호,서울 노원구 공릉동 461-1,서울특별시,노원구
59,상계4단지,서울 노원구 상계7동 749-5 상계주공@4단지상가101호,서울특별시,노원구
60,상계보람,서울 노원구 상계5동 456-130,서울특별시,노원구
61,석계역,서울 노원구 월계1동 73-13,서울특별시,노원구
62,수락산역,서울 노원구 상계동 1118,서울특별시,노원구
63,중계1호,서울 노원구 중계1동 360-9,서울특별시,노원구
64,중계2호,서울 노원구 중계동 137-39 정진빌라 1층,서울특별시,노원구
65,중계역,서울 노원구 중계2동 503,서울특별시,노원구
66,하계1호,서울 노원구 하계1동 251 청구상가 201동 101호,서울특별시,노원구
67,도봉동,서울 도봉구 도봉2동 623-163,서울특별시,도봉구
68,쌍문1호,서울 도봉구 방학1동 263-75,서울특별시,도봉구
69,쌍문역,서울 도봉구 쌍문3동 88-127,서울특별시,도봉구
70,창3동,서울 도봉구 창동 568-2,서울특별시,도봉구
71,창동,서울 도봉구 창5동 296-37,서울특별시,도봉구
72,답십리1호,서울 동대문구 답십리동 257-3,서울특별시,동대문구
73,서울시립대,서울 동대문구 전농1동 141-141,서울특별시,동대문구
74,신이문,서울 동대문구 이문3동 237-114,서울특별시,동대문구
75,안암,서울 동대문구 제기동 142-8,서울특별시,동대문구
76,장안1호,서울 동대문구 전농3동 1-171,서울특별시,동대문구
77,장안2호,서울 동대문구 장안동 338-6 1층,서울특별시,동대문구
78,청량리역,서울 동대문구 청량리동 50-3,서울특별시,동대문구
79,대방1호,서울 동작구 대방동 20-25 한스빌 105호,서울특별시,동작구
80,사당1호,서울 동작구 사당3동 155-2 1F,서울특별시,동작구
81,사당3호,서울 동작구 사당동 220-119,서울특별시,동작구
82,상도2호,서울 동작구 상도2동 29-10,서울특별시,동작구
83,상도터널,서울 동작구 상도1동 587,서울특별시,동작구
84,신대방,서울 동작구 신대방동 607-28,서울특별시,동작구
85,신대방삼거리,서울 동작구 대방동 407-46,서울특별시,동작구
86,흑석1호,서울 동작구 흑석동 180-6,서울특별시,동작구
87,도화,"서울 마포구 도화동 179-8 1,2층",서울특별시,마포구
88,망원2동,서울 마포구 망원2동 474-15,서울특별시,마포구
89,상암,서울 마포구 상암동 34-45,서울특별시,마포구
90,성산2동,서울 마포구 성산동 592,서울특별시,마포구
91,신공덕,서울 마포구 신공덕동 159(신공덕 래미안상가 1동109호),서울특별시,마포구
92,신수,서울 마포구 신수동 91 세양아파트상가 101호,서울특별시,마포구
93,아현,서울 마포구 아현동 774 마포래미안 푸르지오 101동 상가 114호,서울특별시,마포구
94,연남,서울 마포구 연남동 369-20,서울특별시,마포구
95,홍대,서울 마포구 서교동 371-3,서울특별시,마포구
96,독립문,서울 서대문구 냉천동 228,서울특별시,서대문구
97,명지대,서울 서대문구 남가좌동 344-7,서울특별시,서대문구
98,북가좌1호,서울 서대문구 응암로 11,서울특별시,서대문구
99,북아현1호,서울 서대문구 북아현동 1006,서울특별시,서대문구
100,신촌,서울 서대문구 창천동 41-14,서울특별시,서대문구
101,연희1호,서울 서대문구 연희3동 344-26,서울특별시,서대문구
102,홍은1호,서울 서대문구 홍제동 279-52,서울특별시,서대문구
103,홍은사거리,서울 서대문구 홍제동 326-20,서울특별시,서대문구
104,반포1호,서울 서초구 반포동 1053 H동 26호,서울특별시,서초구
105,방배2호,서울 서초구 방배3동 918-4번지,서울특별시,서초구
106,서초1호,서울 서초구 서초동 1357-56,서울특별시,서초구
107,서초2호,서울 서초구 서초동 1669-15,서울특별시,서초구
108,서초3호,서울 서초구 서초동 1579-5,서울특별시,서초구
109,양재1호,서울 서초구 양재동 327-2,서울특별시,서초구
110,잠원1호,서울 서초구 잠원동 15-4,서울특별시,서초구
111,금호1호,서울 성동구 금호동1가 1801-3,서울특별시,성동구
112,성수1호,서울 성동구 성수동2가 235-1,서울특별시,성동구
113,성수역,서울 성동구 성수동2가 289-251,서울특별시,성동구
114,왕십리1호,서울 성동구 하왕십리2동 988-2 1층,서울특별시,성동구
115,왕십리도선,서울 성동구 홍익동 131-1,서울특별시,성동구
116,응봉,서울 성동구 응봉동 100 상가내 1층,서울특별시,성동구
117,동덕여대,서울 성북구 하월곡동 17-1,서울특별시,성북구
118,동소문,서울 성북구 동소문동 6가 227 1층,서울특별시,성북구
119,보문역,서울 성북구 보문동2가 40,서울특별시,성북구
120,석관장위,서울 성북구 장위2동 64-129,서울특별시,성북구
121,정릉1호,서울 성북구 정릉4동 285-4,서울특별시,성북구
122,정릉2호,서울 성북구 정릉동 175-24,서울특별시,성북구
123,가락2호,서울 송파구 가락동 75-7,서울특별시,송파구
124,거여가락1호,서울 송파구 가락동 180-9,서울특별시,송파구
125,마천1호,서울 송파구 거여동 32-6,서울특별시,송파구
126,문정법조,서울 송파구 문정동 620 송파푸르지오시티 B09호,서울특별시,송파구
127,방이2호,서울 송파구 방이동 59-1,서울특별시,송파구
128,방이역,서울 송파구 오금동 41-23 성암빌딩 1층,서울특별시,송파구
129,석촌,서울 송파구 석촌동 163-1,서울특별시,송파구
130,송파1호,서울 송파구 송파동 103-31,서울특별시,송파구
131,위례송파,"서울 송파구 장지동 894 위례아이파크 상가1동 103호, 104호",서울특별시,송파구
132,잠실1호,서울 송파구 잠실본동 313-8,서울특별시,송파구
133,잠실2호,서울 송파구 신천동 11-4,서울특별시,송파구
134,장지,서울 송파구 문정동 102-1,서울특별시,송파구
135,풍납1호,서울 송파구 풍납2동 405번지,서울특별시,송파구
136,목동1호,서울 양천구 목동 797-3,서울특별시,양천구
137,목동2호,서울 양천구 목동 909-8 이화프라자 1층 101호,서울특별시,양천구
138,목동오거리,서울 양천구 목동 940 현대아이파크상가 102,서울특별시,양천구
139,신월2호,서울 양천구 신월7동 972-6,서울특별시,양천구
140,신정1호,서울 양천구 신정1동 1027-2,서울특별시,양천구
141,신트리,서울 양천구 신정동 1267 목동뉴프라자,서울특별시,양천구
142,오목교,서울 양천구 신정동 1296 아이파크 상가 1층,서울특별시,양천구
143,화곡1호,서울 양천구 신월동 23-17,서울특별시,양천구
144,당산1호,서울 영등포구 영등포동8가 76-1 삼환@상가 112호,서울특별시,영등포구
145,대림2호,서울 영등포구 대림3동 783-6,서울특별시,영등포구
146,문래,서울 영등포구 문래동3가 77-58,서울특별시,영등포구
147,신길1호,서울 영등포구 신길3동 355-1,서울특별시,영등포구
148,신길2호,서울 영등포구 신길7동 674,서울특별시,영등포구
149,여의도,서울 영등포구 여의도동 44-31,서울특별시,영등포구
150,영등포1호,서울 영등포구 도림동 76-24,서울특별시,영등포구
151,동부이촌,서울 용산구 이촌1동 301-153 오성상가 103,서울특별시,용산구
152,보광,서울 용산구 보광동 217-13,서울특별시,용산구
153,용문,서울 용산구 용문동 28-26,서울특별시,용산구
154,후암,서울 용산구 후암동 244-59,서울특별시,용산구
155,구산역,서울 은평구 갈현2동 464-14,서울특별시,은평구
156,대조,서울 은평구 대조동 231 삼성타운 A 101호,서울특별시,은평구
157,불광1동,서울 은평구 불광동 554-1 라비앙프라자1층 101호,서울특별시,은평구
158,신사1동,서울 은평구 신사동 29-13,서울특별시,은평구
159,역촌1호,서울 은평구 역촌동 55-1,서울특별시,은평구
160,연신내,서울 은평구 불광동 484-72,서울특별시,은평구
161,은평뉴타운,서울 은평구 진관동 은평도시개발사업지구 9단지 914동 상가 103호,서울특별시,은평구
162,응암1동,서울 은평구 응암동 236-33,서울특별시,은평구
163,증산,서울 은평구 증산동 209-18,서울특별시,은평구
164,대학로,서울 종로구 명륜동4가 113-1,서울특별시,종로구
165,숭인,서울 종로구 숭인2동 183-13,서울특별시,종로구
166,동대문1호,서울 중구 창신동 464-6,서울특별시,중구
167,신당1호,서울 중구 신당동 846,서울특별시,중구
168,망우본동,서울 중랑구 망우동 149-7,서울특별시,중랑구
169,면목1호,서울 중랑구 면목본동 72-43,서울특별시,중랑구
170,면목2호,서울 중랑구 면목2동 191-126,서울특별시,중랑구
171,면목3호,서울 중랑구 면목동 1096-16,서울특별시,중랑구
172,묵동,서울 중랑구 묵동 238-90,서울특별시,중랑구
173,상봉1호,서울 중랑구 상봉1동 268-34,서울특별시,중랑구
174,신내1호,서울 중랑구 신내1동 571-26 1층 상가,서울특별시,중랑구
175,국제신도시,부산 강서구 명지동 3412-6,부산광역시,강서구
176,명지신도시,부산 강서구 명지동 3231 영어신도시퀀텀1차링컨타운제상가동 제1층 208호,부산광역시,강서구
177,구서1호,부산 금정구 구서2동 1024-1,부산광역시,금정구
178,남산1호,부산 금정구 남산동 99-6,부산광역시,금정구
179,부곡1호,부산 금정구 부곡동 23-15,부산광역시,금정구
180,부곡2호,부산 금정구 부곡1동 324-20,부산광역시,금정구
181,부산대,부산 금정구 금강로 장전동 418-13,부산광역시,금정구
182,서동1호,부산 금정구 서동 210-6,부산광역시,금정구
183,장전1호,부산 금정구 장전동 134-19,부산광역시,금정구
184,기장1호,부산 기장군 기장읍 동부리 150-18,부산광역시,기장군
185,정관1호,부산 기장군 정관면 매학리,부산광역시,기장군
186,정관2호,부산 기장군 모전리 747-7,부산광역시,기장군
187,감만,부산 남구 감만1동 158-6,부산광역시,남구
188,대연1호,부산 남구 대연동 1013-8,부산광역시,남구
189,대연2호,부산 남구 대연동 52-7,부산광역시,남구
190,메트로시티1호,부산 남구 용호동 176-30,부산광역시,남구
191,문현2호,부산 남구 문현1동 127-56,부산광역시,남구
192,용호1호,부산 남구 용호3동 495-46 1층,부산광역시,남구
193,범일1호,부산 동구 범일2동 833-2,부산광역시,동구
194,수정1호,부산 동구 수정동 295-3,부산광역시,동구
195,초량,부산 동구 초량2동 489-4,부산광역시,동구
196,명륜,부산 동래구 명륜1동 673-9,부산광역시,동래구
197,명장1호,부산 동래구 명장동 26-24번지 국제아파트 상가 106호,부산광역시,동래구
198,복천,부산 동래구 복천동 476-1,부산광역시,동래구
199,사직1호,부산 동래구 사직동 137-5번지,부산광역시,동래구
200,사직2호,부산 동래구 사직2동 45-25,부산광역시,동래구
201,안락2호,부산 동래구 안락동 670-13,부산광역시,동래구
202,온천1호,부산 동래구 온천동 210-5번지,부산광역시,동래구
203,온천2호,부산 동래구 온천3동 1448-1 명보아파트 상가 가동 101호,부산광역시,동래구
204,우방신세계,부산 동래구 안락동 471-4,부산광역시,동래구
205,가야,부산 부산진구 가야동 478,부산광역시,부산진구
206,개금1호,부산 부산진구 개금동 2-1,부산광역시,부산진구
207,당감,부산 부산진구 당감동 367-2,부산광역시,부산진구
208,범천,부산 부산진구 범천동 1278-11,부산광역시,부산진구
209,서면,부산 부산진구 부전동 266-24,부산광역시,부산진구
210,신개금,부산 부산진구 개금1동 201-6,부산광역시,부산진구
211,양정,부산 부산진구 양정동 310-6,부산광역시,부산진구
212,연지,부산 부산진구 동평로 299,부산광역시,부산진구
213,초읍1호,부산 부산진구 초읍동 288-6,부산광역시,부산진구
214,구포1호,부산 북구 구포3동 1228-1,부산광역시,북구
215,덕천2호,부산 북구 덕천3동 781-2,부산광역시,북구
216,만덕2호,부산 북구 만덕3동 915-6,부산광역시,북구
217,화명1호,부산 북구 화명동 1417-15호 좌측,부산광역시,북구
218,화명3호,부산 북구 화명동 182-5(2층),부산광역시,북구
219,화명신도시,부산 북구 화명동 2266-1,부산광역시,북구
220,괘법,부산 사상구 괘법동 516-1,부산광역시,사상구
221,덕포,부산 사상구 덕포동 420-4,부산광역시,사상구
222,모라,부산 사상구 모라동 1349-,부산광역시,사상구
223,신주례,부산 사상구 주례2동 3-17,부산광역시,사상구
224,엄궁,부산 사상구 엄궁동 40-94,부산광역시,사상구
225,학장,부산 사상구 학장동 579-9,부산광역시,사상구
226,괴정1호,부산 사하구 괴정동 487-24,부산광역시,사하구
227,다대1호,부산 사하구 다대2동 85-5,부산광역시,사하구
228,다대2호,부산 사하구 다대동 1014,부산광역시,사하구
229,당리괴정2호,부산 사하구 괴정동 577-42,부산광역시,사하구
230,신평1호,부산 사하구 신평동 71-15,부산광역시,사하구
231,장림,부산 사하구 장림동 590,부산광역시,사하구
232,하단1호,부산 사하구 하단2동 506-15,부산광역시,사하구
233,하단2호,부산 사하구 하단1동 605-29,부산광역시,사하구
234,남부민,부산 서구 남부민동 456-13,부산광역시,서구
235,대신,부산 서구 대영로 30,부산광역시,서구
236,송도감천,부산 서구 암남동 64-2 104호,부산광역시,서구
237,아미부민,부산 서구 부민동1가 11-3,부산광역시,서구
238,광안2호,부산 수영구 광안동 168-3,부산광역시,수영구
239,망미1호,부산 수영구 망미동 431-11,부산광역시,수영구
240,민락,부산 수영구 민락동 165-15,부산광역시,수영구
241,수영,부산 수영구 수영동 503-23,부산광역시,수영구
242,거제법조,부산 연제구 거제동 986-5,부산광역시,연제구
243,시청,부산 연제구 거제3동 34-19,부산광역시,연제구
244,연산2호,부산 연제구 연산4동 578-1 삼익아파트 상가 101호,부산광역시,연제구
245,연산3호,부산 연제구 연산동 1872,부산광역시,연제구
246,대교남항,부산 영도구 남항동 2가 40,부산광역시,영도구
247,동삼,부산 영도구 동삼1동 331-9,부산광역시,영도구
248,봉래영선,"부산 영도구 영선동1가 69-2, 69-3",부산광역시,영도구
249,청학,부산 영도구  청학동 13-14,부산광역시,영도구
250,영주대청,부산 중구 대청동4가 82-13,부산광역시,중구
251,반송,부산 해운대구 반송2동 216-150,부산광역시,해운대구
252,반여1호,부산 해운대구 반여동 1628-5,부산광역시,해운대구
253,송정,부산 해운대구 송정동 227-7,부산광역시,해운대구
254,우동1호,부산 해운대구 우동 1090-13,부산광역시,해운대구
255,재송1호,부산 해운대구 재송2동 1149-13,부산광역시,해운대구
256,재송2호,부산 해운대구 재송동 1083-1,부산광역시,해운대구
257,좌동1호,부산 해운대구 좌동 970,부산광역시,해운대구
258,좌동3호,부산 해운대구 좌동 1450  주공3단지 상가 205,부산광역시,해운대구
259,해운대역,부산 해운대구 우동 639-4,부산광역시,해운대구
260,계명,대구시 남구 양지로 107,대구광역시,남구
261,대명1호,대구 남구 대명동 1098-4,대구광역시,남구
262,봉덕,대구 남구 봉덕동 687-32,대구광역시,남구
263,앞산,대구 남구 대명9동 332-16,대구광역시,남구
264,이천대봉,대구 남구 이천동 184-9,대구광역시,남구
265,감삼성당,대구 달서구 감삼동 317-3,대구광역시,달서구
266,대곡,대구 달서구 도원동 1442-2 1층 107호,대구광역시,달서구
267,상인,대구 달서구 상인동 1555-1,대구광역시,달서구
268,성서,대구 달서구 신당동 1763-2,대구광역시,달서구
269,송현,대구 달서구 송현1동 207-2,대구광역시,달서구
270,신월성,대구 달서구 월성동 1264번지 트럼프스타 B/D 106호,대구광역시,달서구
271,용산,대구 달서구 용산1동 954-6,대구광역시,달서구
272,용산새방,대구 달서구 용산동 499-2,대구광역시,달서구
273,장기,대구 달서구 장기동 566-4,대구광역시,달서구
274,진천,대구 달서구 송현동 1978-11,대구광역시,달서구
275,논공,대구 달성군 논공읍 북리 803-128,대구광역시,달성군
276,다사,대구 달성군 다사읍 죽곡리 809-1,대구광역시,달성군
277,명곡,대구 달성군 화원읍 명곡리 320-1,대구광역시,달성군
278,서재세천,대구 달성군 다사읍 서재리 423-15,대구광역시,달성군
279,테크노폴리스,대구 달성군 유가면 봉리 606 하이젠스타 115호,대구광역시,달성군
280,화원,대구 달성군 화원읍 천내리 54-1,대구광역시,달성군
281,대구혁신,대구 동구 각산동 1098-5 102호,대구광역시,동구
282,동구청,대구 동구 효목1동 962-3,대구광역시,동구
283,동호,대구 동구 동호동 384-7,대구광역시,동구
284,방촌,대구 동구 방촌동 1118-121,대구광역시,동구
285,신암대현,대구 동구 신암동 806-3,대구광역시,동구
286,신천1호,대구 동구 신천동 501-5,대구광역시,동구
287,신천2호,대구 동구 신청동 377-12,대구광역시,동구
288,율하,대구 동구 율하동 1311번지 102호,대구광역시,동구
289,지묘봉무,대구 동구 지묘동 808-3,대구광역시,동구
290,지저불로,대구 동구 지저동 833-15,대구광역시,동구
291,관음,대구 북구 관음동 1383-9,대구광역시,북구
292,구암,대구 북구 태전동 1074-6,대구광역시,북구
293,동서변,대구 북구 동변동 669-4,대구광역시,북구
294,동천3지구,대구 북구 동천동 906-3,대구광역시,북구
295,복현1호,대구 북구 복현동 460-6,대구광역시,북구
296,복현2호,대구 북구 복현동 539 -110 복현서한타운 상가 103호,대구광역시,북구
297,산격,대구 북구 산격동 1400-20,대구광역시,북구
298,원대,대구 북구 노원동2가 368번지,대구광역시,북구
299,침산,대구 북구 침산동 457-31번지,대구광역시,북구
300,태전,대구 북구 태전동 254-30,대구광역시,북구
301,팔달매천,대구 북구 매천동 682,대구광역시,북구
302,내당,대구 서구 내당동 219-7,대구광역시,서구
303,달성비산,"대구 서구 비산 2,3동 3-50",대구광역시,서구
304,평리,대구 서구 평리동 1093-11,대구광역시,서구
305,만촌1호,대구 수성구 만촌동 19,대구광역시,수성구
306,만촌2호,대구 수성구 만촌1동 1330-12,대구광역시,수성구
307,범물,대구 수성구 범물동 1374-4,대구광역시,수성구
308,범어1호,대구 수성구 범어동 203-18,대구광역시,수성구
309,수성,대구 수성구 수성4가 1023-30,대구광역시,수성구
310,시지1호,대구 수성구 매호동 1040번지 108동 107호,대구광역시,수성구
311,시지2호,대구 수성구 시지동 498번지 시지노변아파트 상가 2동 108호,대구광역시,수성구
312,중동,대구 수성구 중동 97-5,대구광역시,수성구
313,지산,"대구 수성구 지산동 1234, 113동 4호",대구광역시,수성구
314,파동,대구 수성구 파동 27-284,대구광역시,수성구
315,황금,대구 수성구 두산동 133-1,대구광역시,수성구
316,남산대신,대구 중구 남산3동 2466-14,대구광역시,중구
317,중앙(구 동인점),대구 중구 남일동 33-9,대구광역시,중구
318,강화,인천 강화군 강화읍 갑곳리 199-1,인천광역시,강화군
319,계산1호,인천 계양구 계산동 1081-10,인천광역시,계양구
320,계산2호,인천 계양구 계산3동 61-2,인천광역시,계양구
321,임학박촌,인천 계양구 박촌동 52-3,인천광역시,계양구
322,작전1호,인천 계양구 작전1동 871-22,인천광역시,계양구
323,효성1호,"인천 계양구 효성1동 21-11 현대아파트 상가동 101호, 102호, 103호",인천광역시,계양구
324,효성2호,인천 계양구 효성2동 273-3,인천광역시,계양구
325,관교,인천 남구 관교동 321-5,인천광역시,남구
326,용현2동,인천 남구 용현동 558-32,인천광역시,남구
327,용현5동,인천 남구 용현동 630-45,인천광역시,남구
328,주안1호,인천 남구 주안8동 1497-11,인천광역시,남구
329,주안3호,인천 남구 주안동 929-11,인천광역시,남구
330,학익1호,인천 남구 학익동 665-3,인천광역시,남구
331,간석1호,인천 남동구 구월동 70-80,인천광역시,남동구
332,구월,인천 남동구 구월동 1133-13,인천광역시,남동구
333,논현에코메트로,인천 남동구 논현동 752-1,인천광역시,남동구
334,만수1호,인천 남동구 만수동 1045 103호,인천광역시,남동구
335,만수2호,인천 남동구 만수2동 5-440,인천광역시,남동구
336,만수3호,인천 남동구 간석3동 921-14,인천광역시,남동구
337,서창,인천 남동구 서창동 706,인천광역시,남동구
338,부개1동,인천 부평구 부개동 265-3,인천광역시,부평구
339,부개3동,인천시 부평구 부개동 12-127,인천광역시,부평구
340,부평1호,인천 부평구 부평동 451-30,인천광역시,부평구
341,부평2호,인천 부평구 부평동 889-8,인천광역시,부평구
342,산곡1호,인천 부평구 산곡동 369-270,인천광역시,부평구
343,산곡2호,인천 부평구 산곡동 119-54,인천광역시,부평구
344,산곡3호,인천 부평구 산곡2동 251-1,인천광역시,부평구
345,삼산,인천 부평구 삼산동 433-1,인천광역시,부평구
346,십정1호,인천 부평구 십정2동 488-41,인천광역시,부평구
347,가좌,인천 서구 가좌동 30-78,인천광역시,서구
348,검단1호,인천 서구 검단로 왕길동 637-1,인천광역시,서구
349,검암,인천 서구 검암동 626-2번지 태건프라자 105호,인천광역시,서구
350,당하,인천 서구 마전동 585,인천광역시,서구
351,불로원당,인천 서구 당하동 1033-3 조이빌 103,인천광역시,서구
352,석남가정,인천 서구 가정동 505-4,인천광역시,서구
353,청라,인천 서구 연희동 799-8 우리프라자 1층,인천광역시,서구
354,동춘,인천 연수구 동춘동 934-1,인천광역시,연수구
355,선학연수3호,인천 연수구 선학동 406-2,인천광역시,연수구
356,송도1호,인천 연수구 송도동 21-59  302동 102호,인천광역시,연수구
357,송도드림시티,인천 연수구 송도동 3-2,인천광역시,연수구
358,연수중앙,인천 연수구 연수동 626,인천광역시,연수구
359,옥련,인천 연수구 옥련동 341-42,인천광역시,연수구
360,공항신도시,인천 중구 운서동 2797-4 대원프라자,인천광역시,중구
361,영종하늘도시,"인천 중구 중산동 1884-4 108,109호",인천광역시,중구
362,소촌우산,광주 광산구 소촌동 244-6,광주광역시,광산구
363,송정1호(구 도산점),광주 광산구 도산동 1143,광주광역시,광산구
364,수완1호,광주 광산구 장덕동 1479번지 1층,광주광역시,광산구
365,수완2호,광주 광산구 수완동 1128번지  102호,광주광역시,광산구
366,신창,광주 광산구 신창동 1236-1,광주광역시,광산구
367,운남1호,광주 광산구 월곡2동 683-1,광주광역시,광산구
368,첨단1호,광주 광산구 산월동 첨단과학산업단지 884-2 호반상가 2동 103호,광주광역시,광산구
369,첨단2호,광주 광산구 쌍암동 655-4번지,광주광역시,광산구
370,하남1호,광주 광산구 산정동 977-13,광주광역시,광산구
371,노대효천,광주 남구 노대동 814,광주광역시,남구
372,백운,광주 남구 서동 71-15,광주광역시,남구
373,봉선1호,광주 남구 주월1동 1253-4,광주광역시,남구
374,봉선2호,광주 남구 봉선2동 475,광주광역시,남구
375,주월,광주 남구 월산동 1034-17,광주광역시,남구
376,진월,광주 남구 진월동 870번지 한국아델리움 2차상가 230동 102호,광주광역시,남구
377,계림,광주 동구 장동 16-4,광주광역시,동구
378,조선대,광주 동구 지산동 500번지,광주광역시,동구
379,학동,광주 동구 학동 735-16,광주광역시,동구
380,두암1호,광주 북구 두암2동 826-50,광주광역시,북구
381,문흥1호,광주 북구 문흥동 980-15,광주광역시,북구
382,양산1호,광주 북구 양산동 877-1 1층,광주광역시,북구
383,오치,광주 북구 오치동 785-4,광주광역시,북구
384,운암1호,광주 북구 운암3동 1051-5,광주광역시,북구
385,운암2호,광주 북구 운암동 492-39,광주광역시,북구
386,일곡1호,광주 북구 일곡동 828-4,광주광역시,북구
387,전남대,광주 북구 용봉동161-15번지,광주광역시,북구
388,첨단신용,광주 북구 신용동 693,광주광역시,북구
389,금호,광주 서구 쌍촌동 881번지,광주광역시,서구
390,동천,광주 서구 동천동 527,광주광역시,서구
391,마재,"광주 서구 금호동 813 대주파크빌상가 124동 114호, 115호",광주광역시,서구
392,상무1호,광주 서구 치평동 1181-2번지 107호,광주광역시,서구
393,쌍촌1호,광주 서구 쌍촌동 147,광주광역시,서구
394,풍암1호,광주 서구 풍암동 1048번지 호반 APT상가 104호,광주광역시,서구
395,화정1호,광주 서구 화정동 824-16,광주광역시,서구
396,송촌1호,대전 대덕구 송촌동 454-4,대전광역시,대덕구
397,한남대,대전 대덕구 한남로 오정동 223-260,대전광역시,대덕구
398,가오천동,대전 동구 가오동 235-12,대전광역시,동구
399,용운,대전 동구 용운동 306-3,대전광역시,동구
400,자양대동,대전 동구 대동 192-1,대전광역시,동구
401,가장.내동,대전 서구 가장동 50-45,대전광역시,서구
402,갈마1호,대전 서구 갈마2동 404-2 푸른아파트 상가 107-2,대전광역시,서구
403,관저느리울,대전 서구 관저동 1354,대전광역시,서구
404,도마1호,대전 서구 도마동 114-19,대전광역시,서구
405,둔산1호,대전 서구 둔산2동 1093 101호,대전광역시,서구
406,둔산2호,대전 서구 둔산동 1851,대전광역시,서구
407,만년,대전 서구 만년동 277,대전광역시,서구
408,복수,대전 서구 복수동 622,대전광역시,서구
409,월평1호,대전 서구 월평1동 845번지,대전광역시,서구
410,탄방,대전 서구 탄방동 723,대전광역시,서구
411,관저1호,대전 유성구 원내동 829 외 1필지,대전광역시,유성구
412,관평,대전 유성구 관평동 1056,대전광역시,유성구
413,노은1지구,대전 유성구 노은동 553-9 스타돔 120호,대전광역시,유성구
414,노은2지구,대전 유성구 지족동 985-2,대전광역시,유성구
415,도안1지구,대전 유성구 상대동 469-9,대전광역시,유성구
416,송강,대전 유성구 봉산동 198-13,대전광역시,유성구
417,신성,대전 유성구 신성동 137-15,대전광역시,유성구
418,유성,대전 유성구 봉명동 621-1,대전광역시,유성구
419,전민,대전 유성구 전민동 306-13,대전광역시,유성구
420,대사부사,대전 중구 대사동 69-53,대전광역시,중구
421,문화1호,대전 중구 문화동 466-16,대전광역시,중구
422,용두오류,대전 중구 용두동 26-1,대전광역시,중구
423,중촌,대전 중구 중촌동 98-16,대전광역시,중구
424,태평1호,대전 중구 유천동 326-13,대전광역시,중구
425,공업탑,울산 남구 신정동 1218-7,울산광역시,남구
426,달동,울산 남구 달동 135-2,울산광역시,남구
427,무거1호,울산 남구 무거1동 278-3,울산광역시,남구
428,삼산2호,울산 남구 삼산동 203-15,울산광역시,남구
429,수암,울산 남구 신정4동 870-9,울산광역시,남구
430,신정3동(구 신정3호점),울산 남구 신정3동 177-1,울산광역시,남구
431,야음1호,울산 남구 선암동 679-3,울산광역시,남구
432,야음2호,울산 남구 야음1동 455-8,울산광역시,남구
433,옥동,울산 남구 옥동 1406-17,울산광역시,남구
434,울대,울산 남구 무거동 583-17,울산광역시,남구
435,남목서부,울산 동구 서부동 181-31,울산광역시,동구
436,방어,울산 동구 방어동 1149-1,울산광역시,동구
437,전하,울산 동구 전하2동 634-4,울산광역시,동구
438,화정,울산 동구 화정동 438-3,울산광역시,동구
439,강동산하,울산 북구 산하동 89,울산광역시,북구
440,양정염포,울산 북구 양정동 497-11,울산광역시,북구
441,호계1호,울산 북구 호계동 346-1,울산광역시,북구
442,호계2호,울산 북구 신천동 107-4,울산광역시,북구
443,화봉,울산 북구 연암동 414-3,울산광역시,북구
444,구영,울산 울주군 범서읍 구영리 819-2,울산광역시,울주군
445,남창,울산 울주군 온양읍 운화리 56-6,울산광역시,울주군
446,덕신,울산 울주군 온산읍 덕신리 1293-4,울산광역시,울주군
447,언양,울산 울주군 언양읍 동부리 147-1,울산광역시,울주군
448,웅촌,울산 울주군 청량면 삼정리 755-1 가동 216호,울산광역시,울주군
449,천상,울산 울주군 범서읍 천상리 650-5,울산광역시,울주군
450,다운,울산 중구 다운동 536-1,울산광역시,중구
451,반구1호,울산 중구 반구동 874-3,울산광역시,중구
452,반구2호,울산 중구 반구동 99-17,울산광역시,중구
453,복산,울산 중구 복산동 399-12,울산광역시,중구
454,성안,울산 중구 성안동 401-7,울산광역시,중구
455,약사병영,울산 중구 약사동 629-17,울산광역시,중구
456,옥교,울산 중구 학산동 3-27,울산광역시,중구
457,우정,울산 중구 우정동 436-41,울산광역시,중구
458,태화,울산 중구 태화동 117-2,울산광역시,중구
459,한솔,세종 한솔동 927,세종특별자치시,한솔동
460,도담,세종 도담동 245-1,세종특별자치시,도담동
461,가평,경기 가평군 가평읍 대곡리 230-23,경기도,가평군
462,청평,경기 가평군 청평면 청평리 452-5,경기도,가평군
463,현리,경기 가평군 하면 현리 259-7,경기도,가평군
464,고양동,경기 고양시 덕양구 고양동 176-8 104호,경기도,고양시
465,무원마을,경기 고양시 덕양구 행신동 719-9 (1층103호),경기도,고양시
466,삼송,"경기 고양시 덕양구 신원로 185(신원동, 1층 상가 5~6호)",경기도,고양시
467,원당,경기 고양시 덕양구 성사동 519-2,경기도,고양시
468,행신1호,경기 고양시 덕양구 행신동 995-2,경기도,고양시
469,강선,경기 고양시 일산동구 정발산동 717-3,경기도,고양시
470,밤가시후곡,"경기 고양시 일산동구 정발산동 1093, 제상가동 101호, 102호",경기도,고양시
471,백마강촌,경기 고양시 일산동구 마두1동 734 백마마을4단지상가 106호,경기도,고양시
472,백송,경기 고양시 일산동구 백석동 1225 중앙프라자 103호,경기도,고양시
473,식사,경기 고양시 일산동구 식사동 1531,경기도,고양시
474,중산,경기 고양시 일산동구 중산동 1667-3,경기도,고양시
475,호수,경기 고양시 일산동구 백석동 1414-15,경기도,고양시
476,구일산,경기 고양시 일산서구 일산동 967-6,경기도,고양시
477,대화,경기 고양시 일산서구 대화동 2126-2 (동남빌딩 101호),경기도,고양시
478,주엽,경기 고양시 일산서구 주엽2동 138 애비뉴상가 1층 1068호,경기도,고양시
479,탄현,경기 고양시 일산서구 탄현동 1501-4,경기도,고양시
480,과천1호,경기도 과천시 원문동 4 레미안 슈르 A상가(4번지)동 제1층 1023호,경기도,과천시
481,광명1호,경기도 광명시 광명동 295-4,경기도,광명시
482,소하1호,경기 광명시 소하동 1240-3,경기도,광명시
483,소하2호,"경기 광명시 소하동 1363, 신촌 휴먼시아 상가 106호",경기도,광명시
484,철산1호,경기도 광명시 철산동 210-1,경기도,광명시
485,철산2호,경기도 광명시 철산동 92-1,경기도,광명시
486,하안1호,"경기 광명시 하안동 35-5, 영보빌딩 102호",경기도,광명시
487,곤지암,경기 광주시 곤지암읍 곤지암리 443-9,경기도,광주시
488,광주1호,경기 광주시 경안동 154-1,경기도,광주시
489,신현,경기 광주시 오포읍 신현리 371-4,경기도,광주시
490,수택,경기 구리시 교문동 760-12,경기도,구리시
491,인창,경기 구리시 인창동 527-17,경기도,구리시
492,토평,경기 구리시 토평동 970-6 1층 상가,경기도,구리시
493,당동1호,경기도 군포시 당동 904-5 그린프라자 102호,경기도,군포시
494,부곡,경기도 군포시 부곡동 1132-4 1층,경기도,군포시
495,산본1호,경기도 군포시 산본동 1106-3 101호,경기도,군포시
496,산본3호,경기 군포시 산본동 48 에덴다모은정아파트 1층,경기도,군포시
497,산본역,경기도 군포시 산본동 1142-6,경기도,군포시
498,호계3호,경기 군포시 당정동 2-3,경기도,군포시
499,고촌,경기 김포시 고촌면 신곡리 1052,경기도,김포시
500,구래,경기 김포시 구래동 6883-1,경기도,김포시
501,사우,경기 김포시 사우동 998,경기도,김포시
502,운양,경기 김포시 운양동 1297-6 승문리앤포레 1차 1층,경기도,김포시
503,장기1호,경기 김포시 장기동 장기동 1360,경기도,김포시
504,통진1호,경기 김포시 서암리 758-79,경기도,김포시
505,풍무,경기 김포시 풍무동 429-11,경기도,김포시
506,덕소1호,경기 남양주시 와부읍 덕소리 141-91,경기도,남양주시
507,도농1호,경기 남양주시 도농동 153-5,경기도,남양주시
508,마석,경기 남양주시 화도읍 마석우리 384-8,경기도,남양주시
509,별내1호,경기 남양주시 별내동 1078-3,경기도,남양주시
510,별내2호,경기 남양주시 별내동 846-7,경기도,남양주시
511,오남,경기 남양주시 오남읍 오남리 205-19,경기도,남양주시
512,진건,경기 남양주시 진건읍 사능리 353-4,경기도,남양주시
513,진접장현리,경기 남양주시 진접읍 장현리 672-1,경기도,남양주시
514,진접지구,경기 남양주시 진접읍 금곡리 1041-1,경기도,남양주시
515,창현,경기 남양주시 화도읍 창현리 462-3,경기도,남양주시
516,퇴계원,경기 남양주시 퇴계원면 퇴계원리 290-14,경기도,남양주시
517,평내,경기 남양주시 평내동 203-2,경기도,남양주시
518,호평,경기 남양주시 호평동 650-1,경기도,남양주시
519,송내,경기 동두천시 지행동 694 예일 복합타워 114호,경기도,동두천시
520,괴안,경기 부천시 소사구 괴안동 39-2,경기도,부천시
521,소사범박,경기 부천시 소사구 소사본동 139-9,경기도,부천시
522,심곡1호,경기 부천시 소사구 심곡본동 678-17,경기도,부천시
523,고강1호,경기 부천시 오정구 고강1동 305-4,경기도,부천시
524,원종도당,경기 부천시 오정구 원종1동 281-15,경기도,부천시
525,상동1호,경기 부천시 원미구 상2동 546-6 110호,경기도,부천시
526,상동역,경기 부천시 원미구 상동 523-3 대동프라자 1층 107호,경기도,부천시
527,송내로데오,경기 부천시 원미구 상동 400-2,경기도,부천시
528,신중동,경기 부천시 원미구 중동 1141-1,경기도,부천시
529,역곡2동,경기 부천시 원미구 역곡동 48-5,경기도,부천시
530,중동2호,경기 부천시 원미구 중4동 1033-3,경기도,부천시
531,동판교,경기 성남시 분당구 삼평동 664,경기도,성남시
532,무지개마을,경기 성남시 분당구 구미동 212-2,경기도,성남시
533,미금,경기 성남시 분당구 구미동 47-1,경기도,성남시
534,서판교,경기 성남시 분당구 판교동 612-3,경기도,성남시
535,서현,"경기 성남시 분당구 서현동 89-7, 삼성한신근린상가",경기도,성남시
536,수내1호,경기 성남시 분당구 수내동 32 양지마을청구아파트,경기도,성남시
537,아름마을,"경기도 성남시 분당구 야탑동 533-8, 미라보상가 1층 7호",경기도,성남시
538,야탑1호,경기도 성남시 분당구 야탑동 272-4,경기도,성남시
539,정자,경기 성남시 분당구 정자동 58-8,경기도,성남시
540,효자,경기도 성남시 분당구 서현동 298-3  효자촌프라자 119호,경기도,성남시
541,수진1호,경기 성남시 수정구 수진동 88번지 102호,경기도,성남시
542,신흥1호,경기 성남시 수정구 신흥2동 1741-25,경기도,성남시
543,태평1동,경기 성남시 수정구 태평동 6974-1,경기도,성남시
544,금광1호,경기 성남시 중원구 금광동 2706,경기도,성남시
545,상대원1호,경기 성남시 중원구 상대원동 5027,경기도,성남시
546,은행1호,경기 성남시 중원구 은행동 663-3,경기도,성남시
547,고색,경기 수원시 권선구 고색동 31-4,경기도,수원시
548,곡반정,경기 수원시 권선구 곡반정동 584-4,경기도,수원시
549,권선1호,경기 수원시 권선구 권선동 1260-5,경기도,수원시
550,탑동,경기 수원시 권선구 탑동 766-2,경기도,수원시
551,호매실,경기 수원시 권선구 호매실동 80-1,경기도,수원시
552,광교1호,경기 수원시 영통구 이의동 1332 CB 4~5호,경기도,수원시
553,매탄1호,경기 수원시 영통구 매탄동 1170-4,경기도,수원시
554,매탄2호,경기 수원시 영통구 매탄2동 199-69,경기도,수원시
555,매탄3호,경기 수원시 영통구 매탄4동 208-21,경기도,수원시
556,신영통1호,경기 수원시 영통구 망포동 369-3,경기도,수원시
557,영통1호,경기 수원시 영통구 영통동 1005-13,경기도,수원시
558,영통2호,"경기 수원시 영통구 영통동 945-4, 한솔프라자 109호",경기도,수원시
559,연무1호,경기 수원시 장안구 연무동 249-13,경기도,수원시
560,율전1호,경기 수원시 장안구 율전동 305-6,경기도,수원시
561,정자1호,경기도 수원시 장안구 정자동 41-2,경기도,수원시
562,조원1호,경기도 수원시 장안구 조원동 729-12,경기도,수원시
563,파장,경기 수원시 장안구 송죽동 216-1,경기도,수원시
564,매교,경기 수원시 팔달구 매교동 186-3,경기도,수원시
565,아주대,경기 수원시 팔달구 우만동 85-3,경기도,수원시
566,우만1호,경기 수원시 팔달구 우만1동 466-4,경기도,수원시
567,화서1호,"경기도 수원시 팔달구 화서동 703 꽃뫼양지마을(대우아파트) 상가 105, 106호",경기도,수원시
568,화서2호,경기도 수원시 팔달구 화서1동 135-2,경기도,수원시
569,거모,경기 시흥시 거모동 1728-2,경기도,시흥시
570,능곡연성,경기 시흥시 능곡동 545,경기도,시흥시
571,장곡,"경기 시흥시 장곡동 802-1, 금강프라자 1층 108호",경기도,시흥시
572,정왕1호,경기도 시흥시 정왕동 1593-2,경기도,시흥시
573,정왕2호,"경기 시흥시 정왕동 1875-2, 미주상가102",경기도,시흥시
574,정왕3호,"경기 시흥시 정왕동 1726-1, 광개토빌딩 104호",경기도,시흥시
575,고잔1호,"경기도 안산시 단원구 고잔동 763-2, 104호",경기도,안산시
576,고잔2호,경기 안산시 단원구 와동 685-6,경기도,안산시
577,선부1호,경기 안산시 단원구 선부동 1064-5,경기도,안산시
578,원곡1호,경기 안산시 단원구 원곡동 754-6,경기도,안산시
579,본오1호,경기도 안산시 상록구 본오동 879-10,경기도,안산시
580,사동1호,경기도 안산시 상록구 사동 1201,경기도,안산시
581,사동2호,경기 안산시 상록구 사동 1376-7,경기도,안산시
582,월피,"경기도 안산시 상록구 월피동 442-26, 1층",경기도,안산시
583,일동,경기 안산시 상록구 일동 89-3,경기도,안산시
584,공도1호,경기 안성시 공도읍 만정리 417-98,경기도,안성시
585,안성1호,경기 안성시 연지동 94,경기도,안성시
586,안성2호,경기 안성시 인지동 397-1,경기도,안성시
587,진사리,"경기 안성시 공도읍 진사리 348, 서지프라자 106호",경기도,안성시
588,관양,경기도 안양시 동안구 관양동 1437-20 1층,경기도,안양시
589,비산1호,경기도 안양시 동안구 비산동 414-14,경기도,안양시
590,평촌1호,경기도 안양시 동안구 평촌동 922-2,경기도,안양시
591,평촌3호,"경기 안양시 동안구 관양동 1586, 한가람한양아파트 상가동 108호",경기도,안양시
592,석수1호,경기도 안양시 만안구 석수1동 177-6,경기도,안양시
593,안양1번가,경기 안양시 만안구 안양동 674-241,경기도,안양시
594,안양1호,경기 안양시 만안구 안양동 765-8,경기도,안양시
595,안양2호,경기 안양시 만안구 안양 5동 448-22 진명빌딩 103호,경기도,안양시
596,고읍1호,경기 양주시 광사동 657   103호,경기도,양주시
597,덕정1호,경기 양주시 덕정동 240-27,경기도,양주시
598,백석,경기 양주시 백석읍 복지리 168-3,경기도,양주시
599,양평,경기 양평군 양평읍 양근리 183-4,경기도,양평군
600,여주1호,경기 여주군 여주읍 하리 343-11,경기도,여주군
601,전곡,경기 연천군 전곡읍 전곡리 302-11,경기도,연천군
602,세마1호,경기 오산시 내삼미동 856-8,경기도,오산시
603,원동,경기 오산시 오산동 881-7,경기도,오산시
604,구갈2지구,경기도 용인시 기흥구 구갈리 345-3,경기도,용인시
605,구성1호,경기도 용인시 기흥구 마북동 370-9,경기도,용인시
606,동백1호,경기 용인시 기흥구 동백동 614-5,경기도,용인시
607,흥덕,경기 용인시 기흥구 영덕동 1007-6,경기도,용인시
608,상현1호,경기도 용인시 수지구 상현동 3-4,경기도,용인시
609,성복,경기 용인시 수지구 성복동 162-3,경기도,용인시
610,수지1지구,경기 용인시 수지구 풍덕천동 29-10,경기도,용인시
611,수지2지구,경기도 용인시 수지구 풍덕천동 697,경기도,용인시
612,죽전,경기도 용인시 수지구 죽전동 1151 101호,경기도,용인시
613,둔전,경기 용인시 처인구 포곡읍 둔전리 400-2,경기도,용인시
614,용인1호,경기도 용인시 처인구 김량장동 293-24,경기도,용인시
615,용인2호,경기 용인시 처인구 마평동 657-14,경기도,용인시
616,내손갈뫼,경기 의왕시 내손1동 755-4 명성프라자,경기도,의왕시
617,오전고천,"경기도 의왕시 오전동 276-1, 114호",경기도,의왕시
618,인덕원,경기 의왕시 포일동 662,경기도,의왕시
619,포일내손,경기 의왕시 내손동 652-21,경기도,의왕시
620,금오,경기 의정부시 금오동 473-4,경기도,의정부시
621,녹양,경기 의정부시 가능동 92-51,경기도,의정부시
622,신곡,경기 의정부시 신곡동 484,경기도,의정부시
623,신곡2호,경기 의정부시 신곡1동 707-2,경기도,의정부시
624,용현1호,경기 의정부시 용현동 18-15,경기도,의정부시
625,장암,경기 의정부시 신곡1동 336,경기도,의정부시
626,호원1호,경기 의정부시 호원동 466-15,경기도,의정부시
627,호원2호,경기 의정부시 의정부 3동 386-10,경기도,의정부시
628,이천1호,경기 이천시 창전동 458-17,경기도,이천시
629,이천하이닉스,경기 이천시 부발읍 아미리 735,경기도,이천시
630,증포,경기 이천시 증포동 153-5,경기도,이천시
631,가람마을,경기 파주시 와동동 1557-1,경기도,파주시
632,교하신도시,경기 파주시 다율동 1001-6,경기도,파주시
633,금촌1호,경기 파주시 금촌동 790-10 1층,경기도,파주시
634,금촌로데오,경기 파주시 금촌동 986-2,경기도,파주시
635,문산,경기 파주시 문산읍 문산리 17-345 1층 5호,경기도,파주시
636,봉일천,경기 파주시 조리읍 봉일천리 142-3,경기도,파주시
637,운정1호,경기 파주시 동패동 1758,경기도,파주시
638,비전1호,경기 평택시 비전동 272-7,경기도,평택시
639,비전2호,경기 평택시 비전1동 793-7,경기도,평택시
640,세교,"경기 평택시 세교동 558 우성꿈그린@상가 105,106호",경기도,평택시
641,송탄1호,경기 평택시 서정동 843-10,경기도,평택시
642,송탄2호,경기 평택시 지산동 995,경기도,평택시
643,안중1호,경기 평택시 안중읍 현화리 831,경기도,평택시
644,팽성1호,경기 평택시 팽성읍 안정리 26-49,경기도,평택시
645,포천,경기 포천시 신읍동 47-10,경기도,포천시
646,덕풍1호,경기 하남시 덕풍동 309-64,경기도,하남시
647,미사1호,경기 하남시 망월동 1004-1,경기도,하남시
648,신장1호,경기 하남시 신장동 447-28,경기도,하남시
649,신장2호,경기 하남시 천현동 40-13,경기도,하남시
650,동탄1호,경기 화성시 반송동 42-6,경기도,화성시
651,동탄2호,경기 화성시 반송동 217-6,경기도,화성시
652,발안1호,경기 화성시 향남면 행정리 426-11,경기도,화성시
653,병점1호,"경기 화성시 병점동 379-10 병점프라자 109호, 110호",경기도,화성시
654,병점2호,경기 화성시 진안동 914-1,경기도,화성시
655,봉담1호,경기 화성시 상리 26-8,경기도,화성시
656,와우리,경기 화성시 기안동 338-4,경기도,화성시
657,강남,강원 강릉시 노암동 708-1,강원도,강릉시
658,교동1호,강원 강릉시 교1동 1863-3,강원도,강릉시
659,성덕,강원 강릉시 입암동 499-6번지,강원도,강릉시
660,주문진,강원 강릉시 주문진읍 교항리 119-11,강원도,강릉시
661,포남,강원 강릉시 포남1동 1140-1,강원도,강릉시
662,고성,강원 고성군 간성읍 신안리 218,강원도,고성군
663,북삼,강원도 동해시 쇄운동 84-5,강원도,동해시
664,천곡,강원 동해시 천곡동 1044-2,강원도,동해시
665,삼척,강원 삼척시 남양동 17-2,강원도,삼척시
666,교동,강원도 속초시 교동 974-2,강원도,속초시
667,동명,강원 속초시 동명동 1-18,강원도,속초시
668,조양,강원 속초시 조양동 1540 부영파아트 상가동 102호,강원도,속초시
669,양구,강원 양구군 양구읍 상리 227-105,강원도,양구군
670,양양,강원 양양군 양양읍 남문리 125,강원도,양양군
671,영월,강원 영월군 영월읍 하송1리 6반 178-11,강원도,영월군
672,개운,강원 원주시 개운동 395-23,강원도,원주시
673,단계,강원 원주시 단계동 837,강원도,원주시
674,단구,강원 원주시 관설동 1701-4,강원도,원주시
675,무실,강원 원주시 무실동 1664-3,강원도,원주시
676,문막,강원 원주시 문막읍 건등리 1705-3,강원도,원주시
677,우산,강원 원주시 우산동 226-10,강원도,원주시
678,일산,강원 원주시 원동 278-7,강원도,원주시
679,태장,강원 원주시 태장동 북원로 2716-1,강원도,원주시
680,혁신,강원 원주시 반곡동 1880-7,강원도,원주시
681,원통,강원 인제군 북면 원통리 645-32,강원도,인제군
682,사북고한,강원 정선군 사북읍 사북리 344-56,강원도,정선군
683,교대,강원 춘천시 석사동 291-15,강원도,춘천시
684,석사1호,강원 춘천시 석사동 748-18(33통405),강원도,춘천시
685,신사우동,강원 춘천시 우두동 1052-29,강원도,춘천시
686,춘천시청,강원 춘천시 소양로 3가 181-9,강원도,춘천시
687,퇴계1호,강원 춘천시 퇴계동 900-10,강원도,춘천시
688,퇴계2호,강원 춘천시 퇴계동 87,강원도,춘천시
689,후평1호,강원 춘천시 후평동 836-1,강원도,춘천시
690,후평사거리,강원 춘천시 후평1동 693-4,강원도,춘천시
691,태백1호,강원 태백시 상장동 87-36,강원도,태백시
692,홍천,강원 홍천군 홍천읍 신장대리 8-9,강원도,홍천군
693,사창,강원 화천군 사내면 사창리 457-12,강원도,화천군
694,화천,강원 화천군 화천읍 하리 44-45,강원도,화천군
695,횡성,강원 횡성군 횡성읍 읍하리 107-48,강원도,횡성군
696,단양,충북 단양군 단양읍 도전리 523,충청북도,단양군
697,보은,충북 보은군 보은읍 삼산리 153-2,충청북도,보은군
698,금왕,충북 음성군 금왕군 무극리 629,충청북도,음성군
699,대소,충북 음성군 대소면 태생리 539-170,충청북도,음성군
700,음성,충북 음성군 음성읍 읍내리 354-3,충청북도,음성군
701,장호원감곡,충북 음성군 감곡면 왕장리 523-8,충청북도,음성군
702,명동,충북 제천시 명동 198번지,충청북도,제천시
703,신백,충북 제천시 신백동 214-7,충청북도,제천시
704,장락,충북 제천시 장락동 877,충청북도,제천시
705,청전,충북 제천시 의림동 7-26,충청북도,제천시
706,증평,충북 증평군 증평읍 초중리 8-1,충청북도,증평군
707,광혜원,충북 진천군 광혜원면 광혜원리 503-7,충청북도,진천군
708,오창1호,충북 청원군 오창면 각리 650-1,충청북도,청원군
709,금천광장,"충북 청주시 상당구 용암동 411,412",충청북도,청주시
710,용암1호,충북 청주시 상당구 용암동 2163번지,충청북도,청주시
711,우암동,충북 청주시 상당구 우암동 123-81,충청북도,청주시
712,가경2호,충북 청주시 흥덕구 개신동 696 매직타워 1층 110호,충청북도,청주시
713,복대1호,충북 청주시 흥덕구 복대동 865-4,충청북도,청주시
714,봉명1호,충북 청주시 흥덕구 봉명동 2813,충청북도,청주시
715,산남성화,충북 청주시 흥덕구 성화동 886번지 101호,충청북도,청주시
716,오송,충북 청주시 흥덕구 오송읍 호송읍 만수리 521,충청북도,청주시
717,운천신봉,충북 청주시 흥덕구 운천동 1366,충청북도,청주시
718,하복대,충북 청주시 흥덕구 복대동 2960,충청북도,청주시
719,갱고개,충북 충주시 갱고개로 41,충청북도,충주시
720,봉방문화교현,충북 충주시 교현동 624-6,충청북도,충주시
721,성내용산,충북 충주시 용산동 598,충청북도,충주시
722,연수칠금,충북 충주시 연수동 820번지,충청북도,충주시
723,계룡대,충남 계룡시 엄사면 엄사리 253-2,충청남도,계룡시
724,신관,충남 공주시 신관동 24-25,충청남도,공주시
725,옥룡,충남 공주시 옥룡동 308-1,충청남도,공주시
726,취암,충남 논산시 내동 628,충청남도,논산시
727,기지시,충남 당진시 반촌리 861-20,충청남도,당진시
728,복운,충남 당진시 송악면 복운리 1642-11,충청남도,당진시
729,신평,충남 당진시 신평면 거산리 13-4번지 1층,충청남도,당진시
730,읍내,충남 당진시 읍내동 850,충청남도,당진시
731,채운,충남 당진시 읍내동 1541,충청남도,당진시
732,합덕,충남 당진시 합덕읍 운산리 266-2,충청남도,당진시
733,동대,충남 보령시 동대동 1766,충청남도,보령시
734,부여,충남 부여군 부여읍 관북리 133-5,충청남도,부여군
735,대산,충남 서산시 대산읍 산리 129-5,충청남도,서산시
736,동문,충남 서산시 동문동 406-2,충청남도,서산시
737,서산테크노,충남 서산시 오사리 1666,충청남도,서산시
738,석림,충남 서산시 동문동 999-6,충청남도,서산시
739,서천,충남 서천군 군사리 718-11,충청남도,서천군
740,권곡,충남 아산시 권곡동 549-26,충청남도,아산시
741,배미,충남 아산시 배미동 239-17,충청남도,아산시
742,배방1호,충남 아산시 배방읍 공수리 89-28,충청남도,아산시
743,온천,충남 아산시 온천동 1310,충청남도,아산시
744,용화,충남 아산시 용화동 714,충청남도,아산시
745,예산,충남 예산군 예산읍 산성리 709-4,충청남도,예산군
746,목천,충남 천안시 동남구 목천읍 신계리 134-18,충청남도,천안시
747,병천,충남 천안시 동남구 병천면 병천리 156-5,충청남도,천안시
748,신방1호,충남 천안시 동남구 신방동 74-19 부흥빌딩 104호,충청남도,천안시
749,신방통정,충남 천안시 동남구 신방동 1538,충청남도,천안시
750,신부1호,충남 천안시 동남구 신부동 641 1층,충청남도,천안시
751,원성,충남 천안시 동남구 원성2동 518-4,충청남도,천안시
752,청수,충남 천안시 동남구 구성동 388-76,충청남도,천안시
753,두정,충남 천안시 서북구 성정2동 1211,충청남도,천안시
754,불당,충남 천안시 서북구 불당동 1630,충청남도,천안시
755,성거,충남 천안시 서북구 성거읍 저리 65-1,충청남도,천안시
756,성환1호,충남 천안시 서북구 성환읍 매주리 325-5 외 1,충청남도,천안시
757,쌍용1호,충남 천안시 서북구 쌍용3동 1998번지,충청남도,천안시
758,쌍용2호,충남 천안시 서북구 쌍용2동 1107-1,충청남도,천안시
759,직산1호,충남 천안시 서북구 직산읍 삼은리 76-177,충청남도,천안시
760,태안,충남 태안군 태안읍 동문리 264-7,충청남도,태안군
761,내포1호,충남 홍성군 홍북면 신경리 1181번지 승우빌딩 107호,충청남도,홍성군
762,오관,충남 홍성군 홍성읍 대교리 577,충청남도,홍성군
763,고창,전북 고창군 고창읍 교촌리 506,전라북도,고창군
764,경암조촌,전북 군산시 경장동 510-19 1층,전라북도,군산시
765,군산대,전북 군산시 미룡동 364-5,전라북도,군산시
766,나운1호,전북 군산시 나운동 834-7,전라북도,군산시
767,미장수송,전북 군산시 수송동 836-8,전라북도,군산시
768,소룡산북,전북 군산시 소룡동 1545-5번지,전라북도,군산시
769,지곡,전북 군산시 지곡동 495-1,전라북도,군산시
770,김제,전북 김제시 신풍동 594-4번지,전라북도,김제시
771,남원,전북 남원시 도통동 387-12,전라북도,남원시
772,무주,전북 무주군 무주읍 읍내리 962,전라북도,무주군
773,무주구천,전북 무주군 설천면 삼공리 364-4,전라북도,무주군
774,부안,전북 부안군 부안읍 봉덕리 826-1,전라북도,부안군
775,순창,전북 순창군 순창읍 순화리 282-6,전라북도,순창군
776,봉동,전북 완주군 봉동읍 둔산리 907-5  101호,전라북도,완주군
777,삼례우석대,전북 완주군 삼례읍 후정리 13-8,전라북도,완주군
778,동산,전북 익산시 마동 344-5,전라북도,익산시
779,모현,전북 익산시 모현동1가 857,전라북도,익산시
780,부송,전북 익산시 부송동 710-5,전라북도,익산시
781,영등1호,전북 익산시 영등동 766-1,전라북도,익산시
782,영등2호,전북 익산시 영등동 843-5,전라북도,익산시
783,원광대,"전북 익산시 신동 764-4 시즈퍼스트 상가112호, 113호",전라북도,익산시
784,임실,전북 임실군 임실읍 이도리 294,전라북도,임실군
785,동산조촌,전북 전주시 덕진구 반월동 230-6,전라북도,전주시
786,솔내,전북 전주시 덕진구 송천동1가 405-1,전라북도,전주시
787,송천,전북 전주시 덕진구 송천동2가 244-10,전라북도,전주시
788,아중,전북 전주시 덕진구 우아동 2가  860-7,전라북도,전주시
789,전북대,전북 전주시 덕진구 덕진동1가 1314-201,전라북도,전주시
790,하가덕진,전북 전주시 덕진구 덕진동2가 670-1,전라북도,전주시
791,호성,전북 전주시 덕진구 인후동2가 1569-44,전라북도,전주시
792,삼천1호,전북 전주시 완산구 삼천동1가 621,전라북도,전주시
793,서곡효자,전북 전주시 완산구 효자동3가 1609-16,전라북도,전주시
794,서신,전북 전주시 완산구 서신동 938-5,전라북도,전주시
795,신시가지,전북 전주시 완산구 효자동2가 1327-1,전라북도,전주시
796,안행,전북 전주시 완산구 효자동1가 202-1,전라북도,전주시
797,중앙,전북 전주시 완산구 고사동 470-3,전라북도,전주시
798,중화산,전북 전주시 완산구 중화산동 2가 616-12,전라북도,전주시
799,평화1호,전북 전주시 완산구 평화동2가 230-112,전라북도,전주시
800,상동,전북 정읍시 장명동 169-10,전라북도,정읍시
801,강진,전남 강진군 강진읍 남성리 5-4,전라남도,강진군
802,중마1호,전남 광양시 마동 1037-4,전라남도,광양시
803,중마2호,전남 광양시 중동 1654-3,전라남도,광양시
804,나주,전남 나주시 대호동 1040-7,전라남도,나주시
805,빛가람1호,전남 나주시 빛가람동 190-3,전라남도,나주시
806,담양,전남 담양군 담양읍 백동리 247-7,전라남도,담양군
807,삼학,전남 목포시 산정동 1386-8,전라남도,목포시
808,옥암,전남 목포시 옥암동 1248-2,전라남도,목포시
809,용해,전남 목포시 용해동 769-5,전라남도,목포시
810,원산,전남 목포시 산정동 1693-3,전라남도,목포시
811,하당,전남 목포시 상동 1116-8번지,전라남도,목포시
812,남악,전남 무안군 삼향읍 남악리 1577 골든스위트 125호,전라남도,무안군
813,무안읍,전남 무안군 무안읍 성남리 813-45,전라남도,무안군
814,보성,전남 보성군 보성읍 보성리 831-19,전라남도,보성군
815,금당1호,전남 순천시 조례동 1612번지 1-4호,전라남도,순천시
816,남부,전남 순천시 풍덕동 1265-5,전라남도,순천시
817,순천대점,전남 순천시 석현동 80-5,전라남도,순천시
818,신대,전남 순천시 해룡면 신대리 2019-4,전라남도,순천시
819,연향,전남 순천시 연향동 1351-1,전라남도,순천시
820,조례,전남 순천시 조례1동 1687-16,전라남도,순천시
821,팔마,전남 순천시 연향동 1681-3   1층,전라남도,순천시
822,국동,전남 여수시 신월동 96-1,전라남도,여수시
823,둔덕,전남 여수시 둔덕동 434-7,전라남도,여수시
824,문수,전남 여수시 문수동 124-1,전라남도,여수시
825,신기,전남 여수시 신기동 117-7,전라남도,여수시
826,안산,전남 여수시 안산동 470-2,전라남도,여수시
827,여서,전남 여수시 여서동 240-8,전라남도,여수시
828,죽림무선,전남 여수시 소라면 죽림리 1226-3,전라남도,여수시
829,영광,전남 영광군 영광읍 남천리 339-4,전라남도,영광군
830,완도,전남 완도군 완도읍 군내리 1237-16 1층,전라남도,완도군
831,장흥,전남 장흥군 장흥읍 건산리 736-10,전라남도,장흥군
832,해남,전남 해남군 해남읍 읍내리 31-2,전라남도,해남군
833,화순,전남 화순군 화순읍 일심리 755,전라남도,화순군
834,경산,경북 경산시 옥산동 758-10(1층),경상북도,경산시
835,경산오거리,경북 경산시 중방동 880-23,경상북도,경산시
836,계양사동,경북 경산시 사동 663-6,경상북도,경산시
837,영대,경북 경산시 압량면 신대리 497,경상북도,경산시
838,진량,경북 경산시 진량읍 봉회리 81-3,경상북도,경산시
839,하양,경북 경산시 하양읍 금락리 130-18,경상북도,경산시
840,안강,경북 경주시 안강읍 산대리 2400-2,경상북도,경주시
841,충효,경북 경주시 충효동 3002-1,경상북도,경주시
842,황성,경북 경주시 황성동 893-3,경상북도,경주시
843,도량,경북 구미시 도량동 262-1,경상북도,구미시
844,봉곡,경북 구미시 봉곡동 302-4,경상북도,구미시
845,상모,경북 구미시 상모동 42-7,경상북도,구미시
846,선산,경북 구미시 선산읍 동부리 416,경상북도,구미시
847,신평공단,경북 구미시 신평동 129-2,경상북도,구미시
848,옥계,경북 구미시 옥계동 843-1,경상북도,구미시
849,원평,경북 구미시 원평동 84-5,경상북도,구미시
850,원호,경북 구미시 고아읍 원호리 442-2,경상북도,구미시
851,인동,경북 구미시 인의동 341-2,경상북도,구미시
852,진평,경북 구미시 진평동 29-5,경상북도,구미시
853,형곡,경북 구미시 형곡동 152-7,경상북도,구미시
854,김천,경북 김천시 신음동 1301-4,경상북도,김천시
855,김천혁신,경북 김천시 율곡동 364,경상북도,김천시
856,점촌,경북 문경시 모전동 866,경상북도,문경시
857,상주,경북 상주시 무양동 213-3,경상북도,상주시
858,경북도청,경북 안동시 풍천면 갈전리 1325,경상북도,안동시
859,금곡,경북 안동시 당북동 311-8,경상북도,안동시
860,송현오거리,경북 안동시 송현동 260-5,경상북도,안동시
861,용상,경북 안동시 용상동 1179-188,경상북도,안동시
862,가흥,경북 영주시 가흥동 1881,경상북도,영주시
863,영주,경북 영주시 휴천동 642-362,경상북도,영주시
864,풍기,경북 영주시 풍기읍 성내리 60,경상북도,영주시
865,영천1호,경북 영천시 망정동175-12,경상북도,영천시
866,울진,경북 울진군 울진읍 읍내리 576-1,경상북도,울진군
867,청도,경북 청도군 청도읍 고수리 503,경상북도,청도군
868,석적,경북 칠곡군 석적읍 중리 203-5,경상북도,칠곡군
869,약목,경북 칠곡군 약목면 복성3리 847-18,경상북도,칠곡군
870,왜관,경북 칠곡군 왜관읍 왜관리 237-19,경상북도,칠곡군
871,구룡포,경북 포항시 남구 구룡포읍 구룡포1리 742,경상북도,포항시
872,대해중앙,경북 포항시 남구 대도동 97-4,경상북도,포항시
873,도구청림,경북 포항시 남구 동해면 도구2리 629,경상북도,포항시
874,송도,경북 포항시 남구 해도동 25-28,경상북도,포항시
875,연일,경북 포항시 남구 생지리 157-9,경상북도,포항시
876,오천,경북 포항시 남구 오천읍 원리 913-2,경상북도,포항시
877,효곡,경북 포항시 남구 효자동 579-2 풍림아이원상가 107호,경상북도,포항시
878,양덕,경북 포항시 북구 양덕동 1574,경상북도,포항시
879,양학대이,경북 포항시 북구 득량동 2-1,경상북도,포항시
880,용흥,경북 포항시 북구 용흥동 373-23,경상북도,포항시
881,우현,경북 포항시 북구 우현동 100-7,경상북도,포항시
882,장성,경북 포항시 북구 장성동 1355-4,경상북도,포항시
883,죽도,경북 포항시 북구 대흥동 592-2,경상북도,포항시
884,환호장량,경북 포항시 북구 장성동 1378-3,경상북도,포항시
885,흥해,경북 포항시 북구 흥해읍 옥성리 238-5,경상북도,포항시
886,고현상동,경남 거제시 고현동 406-18,경상남도,거제시
887,아주,경남 거제시 아주동 1178-2,경상남도,거제시
888,옥포,경남 거제시 옥포동 160-1,경상남도,거제시
889,장평,경남 거제시 장평동 274,경상남도,거제시
890,중곡수월,경남 거제시 고현동 997,경상남도,거제시
891,거창1호,경남 거창군 거창읍 대동리 697-5,경상남도,거창군
892,구산,경남 김해시 구산동 274-6,경상남도,김해시
893,내동,경남 김해시 내동 138-1,경상남도,김해시
894,대청,경남 김해시 대청동 61-1,경상남도,김해시
895,부원봉황,경남 김해시 부원동 603-2,경상남도,김해시
896,삼계1호,경남 김해시 삼계동 1445-1,경상남도,김해시
897,삼방,경남 김해시 삼방동 691-2 한일상가 108호,경상남도,김해시
898,삼정,경남 김해시 삼정동 590-1,경상남도,김해시
899,어방,경남 김해시 어방동 523-2,경상남도,김해시
900,외동,경남 김해시 외동 1187-12,경상남도,김해시
901,장유1호,경남 김해시 내덕동 220-1 101호,경상남도,김해시
902,지내안동,경남 김해시 지내동 67-1,경상남도,김해시
903,진영,경남 김해시 진영읍 진영리 1629-2,경상남도,김해시
904,남해,경남 남해군 남해읍 서변리 160-1,경상남도,남해군
905,내일동,경남 밀양시 내이동 1566-6,경상남도,밀양시
906,삼문상남,경남 밀양시 삼문동 533-17,경상남도,밀양시
907,동금,"경남 사천시 동금동 141-8,9번지",경상남도,사천시
908,벌용,경남 사천시 벌리동 255-9,경상남도,사천시
909,사천,경남 사천시 사천읍 수석리 293-23,경상남도,사천시
910,덕계,경남 양산시 덕계동 750,경상남도,양산시
911,물금,경남 양산시 물금읍 범어리 2682-10,경상남도,양산시
912,삼성,경남 양산시 북정동 885-12,경상남도,양산시
913,상북,경남 양산시 상북면 석계리 242-1,경상남도,양산시
914,서창1호,경남 양산시 삼호동 707-2,경상남도,양산시
915,석산,경남 양산시 동면 금산리 1422-14,경상남도,양산시
916,통도사,경남 양산시 하북면 순지리 814-5,경상남도,양산시
917,가호,경남 진주시 가좌동 1431-2,경상남도,진주시
918,금산,경남 진주시 금산면 장사리 1022-1,경상남도,진주시
919,상봉중앙,경남 진주시 중안동 2-11,경상남도,진주시
920,상평,경남 진주시 상평동 198-43,경상남도,진주시
921,신안평거,경남 진주시 신안동 460-1,경상남도,진주시
922,이현인사,경남 진주시 인사동 152-5,경상남도,진주시
923,칠암망경,경남 진주시 칠암동 491-47,경상남도,진주시
924,판문평거,경남 진주시 평거동 733-1번지,경상남도,진주시
925,하대초전,경남 진주시 하대동 306-38,경상남도,진주시
926,남지,경남 창녕군 남지읍 남지리 994-7,경상남도,창녕군
927,창녕,경남 창녕군 창녕읍 송현리 238-1,경상남도,창녕군
928,문화중앙,경남 창원시 마산합포구 중앙동2가 5-42번지,경상남도,창원시
929,월영,경남 창원시 마산합포구 해운동 42-11,경상남도,창원시
930,자산교방,경남 창원시 마산합포구 자산동 301-19,경상남도,창원시
931,진동,경남 창원시 마산합포구 진동면 진동리 436,경상남도,창원시
932,창동산호,경남 창원시 마산합포구 산호동 338-35,경상남도,창원시
933,내서삼계,경남 창원시 마산회원구 삼계리 35-14,경상남도,창원시
934,합성,경남 창원시 마산회원구 합성2동 131-7,경상남도,창원시
935,호계,경남 창원시 마산회원구 내서읍 호계리 289-45,경상남도,창원시
936,대방,경남 창원시 성산구 성주동 100,경상남도,창원시
937,감계,경남 창원시 의창구 북면 감계리 246-4,경상남도,창원시
938,도계명서,경남 창원시 의창구 도계동 352-3 1층,경상남도,창원시
939,동읍,경남 창원시 의창구 동읍 용잠리 371-2,경상남도,창원시
940,봉곡사림,경남 창원시 의창구 봉곡동 132-18,경상남도,창원시
941,사파,경남 창원시 의창구 사파동 113-16,경상남도,창원시
942,용지호수,경남 창원시 의창구 용호동 73-50,경상남도,창원시
943,팔용,경남 창원시 의창구 팔용동 183-10,경상남도,창원시
944,석동덕산,경남 창원시 진해구 석동 139-6,경상남도,창원시
945,웅동용원,경남 창원시 진해구 용원동 1214-11,경상남도,창원시
946,태평,경남 창원시 진해구 수송동 12-11,경상남도,창원시
947,풍호,경남 창원시 진해구 풍호동 305-17,경상남도,창원시
948,미수봉평,경남 통영시 미수동 22-1번지 운하상가 115호,경상남도,통영시
949,북신무전,경남 통영시 북신동 693-7,경상남도,통영시
950,죽림,경남 통영시 광도면 죽림리 1574-57 가동 103호,경상남도,통영시
951,함안,경남 함안군 가야읍 말산리 58-16,경상남도,함안군
952,함양,경남 함양군 함양읍 용평리 773-1,경상남도,함양군
953,합천,경남 합천군 합천읍 합천리 320-3,경상남도,합천군
954,대정,제주 서귀포시 대정읍 하모리 1048-4,제주특별자치도,서귀포시
955,서귀포1호,제주 서귀포시 동흥동 117-6,제주특별자치도,서귀포시
956,서귀포명동,제주 서귀포시 서귀동 408-3,제주특별자치도,서귀포시
957,서귀포혁신도시,제주 서귀포시 강정동 166-10,제주특별자치도,서귀포시
958,월드컵경기장,제주 서귀포시 법환동 914,제주특별자치도,서귀포시
959,중문,제주 서귀포시 중문동 1965-9,제주특별자치도,서귀포시
960,건입,제주 제주시 일도2동 160-9,제주특별자치도,제주시
961,노형,제주 제주시 노형동 1055-1,제주특별자치도,제주시
962,도두해안도로,제주 제주시 도두1동 2625-4,제주특별자치도,제주시
963,삼양화북,제주 제주시 화북1동 1023-2,제주특별자치도,제주시
964,애월하귀,제주 제주시 애월읍 하귀1리 167,제주특별자치도,제주시
965,외도도평,제주 제주시 외도1동 550-9,제주특별자치도,제주시
966,용담삼도,제주 제주시 용담2동 624-10 1층,제주특별자치도,제주시
967,이도일도,제주 제주시 이도이동 1179-18,제주특별자치도,제주시
968,제주1호,제주 제주시  연동 272-30,제주특별자치도,제주시
969,한림협재,제주 제주시 한림읍 한림리 1582-8,제주특별자치도,제주시
